City,Country,Lat,Lng,Max Temp,Humidity,Cloudiness,Wind Speed,Current Description
Ushuaia,AR,-54.8,-68.3,47.86,46,0,3.44,clear sky
Butaritari,KI,3.0707,172.7902,81.36,78,58,17.25,light rain
Neiafu,TO,-18.65,-173.9833,77.68,78,40,11.5,scattered clouds
New Norfolk,AU,-42.7826,147.0587,48.7,84,100,2.06,overcast clouds
Tuktoyaktuk,CA,69.4541,-133.0374,29.08,76,100,9.17,overcast clouds
Vestmanna,FO,62.1564,-7.1664,49.12,81,75,24.16,broken clouds
Trairi,BR,-3.2778,-39.2689,82.09,66,7,16.06,clear sky
Newport,GB,51.5877,-2.9984,58.82,75,12,7.07,few clouds
Vaini,TO,-21.2,-175.2,75.36,88,40,9.22,scattered clouds
Namie,JP,37.4833,141.0,61.99,95,100,4.65,overcast clouds
Norman Wells,CA,65.282,-126.8329,32.04,93,75,6.91,broken clouds
Mar Del Plata,AR,-38.0023,-57.5575,55.42,73,0,18.41,clear sky
Bambous Virieux,MU,-20.3428,57.7575,71.85,68,75,9.22,broken clouds
Busselton,AU,-33.65,115.3333,48.49,75,10,12.88,clear sky
Itaituba,BR,-4.2761,-55.9836,95.16,49,20,11.5,few clouds
Tarauaca,BR,-8.1614,-70.7656,91.18,43,83,2.51,broken clouds
Tautira,PF,-17.7333,-149.15,77.4,75,100,11.16,light rain
Sao Joao Da Barra,BR,-21.6403,-41.0511,78.89,79,51,8.01,broken clouds
Rikitea,PF,-23.1203,-134.9692,73.99,69,0,5.68,clear sky
Boa Vista,BR,2.8197,-60.6733,76.98,73,75,18.41,broken clouds
Woodward,US,36.4337,-99.3904,85.96,20,0,9.22,clear sky
East London,ZA,-33.0153,27.9116,67.86,88,11,15.77,few clouds
Manado,ID,1.487,124.8455,72.37,94,20,1.14,few clouds
Avarua,CK,-21.2078,-159.775,73.45,68,40,11.5,scattered clouds
Petauke,ZM,-14.2426,31.3253,76.62,26,0,10.71,clear sky
Mataura,NZ,-46.1927,168.8643,47.48,99,25,5.55,moderate rain
Saint-Philippe,RE,-21.3585,55.7679,67.59,76,34,11.48,scattered clouds
Novichikha,RU,52.204,81.3877,29.12,87,3,7.7,clear sky
Vila Velha,BR,-20.3297,-40.2925,78.75,78,0,11.5,clear sky
Augustow,PL,53.8432,22.9798,48.18,91,48,8.01,scattered clouds
Albany,US,42.6001,-73.9662,58.24,68,100,1.01,overcast clouds
Acari,PE,-15.4311,-74.6158,76.59,50,27,9.86,scattered clouds
Nabire,ID,-3.3667,135.4833,74.89,89,87,3.22,overcast clouds
Saint George,US,37.1041,-113.5841,84.43,49,0,13.8,clear sky
Yellowknife,CA,62.456,-114.3525,43.32,70,75,32.99,light rain
Itai,BR,-23.4178,-49.0906,77.36,53,72,2.89,broken clouds
Puerto Ayora,EC,-0.7393,-90.3518,75.16,90,79,5.01,broken clouds
Bredasdorp,ZA,-34.5322,20.0403,55.92,89,4,8.3,clear sky
Ixtapa,MX,20.7,-105.2,83.23,83,100,4.61,overcast clouds
Punta Arenas,CL,-53.15,-70.9167,51.91,40,0,10.36,clear sky
Port Lincoln,AU,-34.7333,135.8667,60.51,73,100,8.77,overcast clouds
Pevek,RU,69.7008,170.3133,31.06,96,100,8.08,overcast clouds
Abu Samrah,SY,35.3029,37.1841,78.42,40,86,7.61,overcast clouds
Lasa,IT,46.6166,10.7002,53.37,93,27,7.02,scattered clouds
Chuy,UY,-33.6971,-53.4616,66.87,50,0,7.14,clear sky
Husavik,IS,66.0449,-17.3389,45.43,88,100,7.31,overcast clouds
Samarai,PG,-10.6167,150.6667,81.61,79,89,10.54,overcast clouds
Shimoda,JP,34.6667,138.95,67.1,81,100,8.39,overcast clouds
Kununurra,AU,-15.7667,128.7333,75.18,78,100,4.61,overcast clouds
Bozoum,CF,6.3193,16.3799,70.07,93,94,1.77,light rain
Fortuna,US,40.5982,-124.1573,59.67,73,17,5.61,few clouds
Hobart,AU,-42.8794,147.3294,49.05,92,75,6.91,broken clouds
Kaitangata,NZ,-46.2817,169.8464,41.2,86,19,9.35,few clouds
Acarau,BR,-2.8856,-40.12,83.26,66,7,20.78,clear sky
Bermejo,AR,-32.8833,-68.8,84.11,15,0,14.97,clear sky
Chase,CA,50.8165,-119.6857,65.28,42,0,0.45,clear sky
Khatanga,RU,71.9667,102.5,21.85,96,100,9.89,overcast clouds
Kerman,IR,30.2832,57.0788,71.46,28,0,6.91,clear sky
Zhigalovo,RU,54.8097,105.1578,30.13,87,100,8.19,overcast clouds
Kodiak,US,57.79,-152.4072,53.11,71,75,3.44,broken clouds
Dengzhou,CN,37.8086,120.7508,66.33,91,64,7.47,broken clouds
Le Port,RE,-20.9373,55.2919,69.76,74,71,4.56,broken clouds
Arlit,NE,18.7369,7.3853,99.09,8,0,12.08,clear sky
Brownsville,US,25.9018,-97.4975,88.09,48,75,13.8,broken clouds
Phuket,TH,8.0,98.25,86.13,88,40,2.3,scattered clouds
Kieta,PG,-6.2167,155.6333,78.13,82,70,3.42,broken clouds
Gladstone,AU,-23.85,151.25,62.53,82,75,5.75,broken clouds
Aasiaat,GL,68.7098,-52.8699,31.21,82,98,2.57,overcast clouds
Jamestown,US,42.097,-79.2353,61.52,68,75,13.8,broken clouds
La Ronge,CA,55.1001,-105.2842,71.85,37,20,16.11,few clouds
Andros Town,BS,24.7,-77.7667,85.96,54,47,12.62,scattered clouds
Hervey Bay,AU,-25.2986,152.8535,57.02,93,11,13.0,few clouds
Sangar,RU,63.9242,127.4739,19.02,89,67,6.71,broken clouds
Broken Hill,AU,-31.95,141.4333,56.23,53,50,11.52,scattered clouds
Coquimbo,CL,-29.9533,-71.3436,60.53,72,40,10.36,scattered clouds
Pontes E Lacerda,BR,-15.2261,-59.3353,93.72,37,100,5.46,overcast clouds
Port Elizabeth,ZA,-33.918,25.5701,65.32,96,75,8.05,broken clouds
Ilo,PE,-17.6394,-71.3375,64.53,70,10,7.87,clear sky
Karratha,AU,-20.7377,116.8463,72.79,50,55,7.9,broken clouds
San Quintin,MX,30.4833,-115.95,71.94,68,37,12.77,scattered clouds
Torbay,CA,47.6666,-52.7314,50.58,62,75,11.99,broken clouds
Provideniya,RU,64.3833,-173.3,34.72,80,13,9.22,few clouds
Qaanaaq,GL,77.484,-69.3632,10.04,74,17,7.65,few clouds
Acapulco,MX,16.8634,-99.8901,84.02,74,75,2.3,broken clouds
Hambantota,LK,6.1241,81.1185,80.04,77,91,21.9,overcast clouds
Ancud,CL,-41.8697,-73.8203,59.11,57,100,3.91,overcast clouds
Waingapu,ID,-9.6567,120.2641,79.2,81,72,1.52,broken clouds
Berlevag,NO,70.8578,29.0864,40.95,87,100,6.91,overcast clouds
Yulara,AU,-25.2406,130.9889,64.69,66,15,3.51,few clouds
Eldorado,BR,-23.7869,-54.2836,77.52,65,18,6.96,few clouds
Grindavik,IS,63.8424,-22.4338,48.67,100,100,24.16,overcast clouds
Sao Filipe,CV,14.8961,-24.4956,78.15,72,100,12.08,overcast clouds
Tiznit,MA,29.5833,-9.5,78.04,31,0,3.09,clear sky
Saskylakh,RU,71.9167,114.0833,25.16,95,100,14.81,light snow
Cape Town,ZA,-33.9258,18.4232,61.88,77,0,5.01,clear sky
Arraial Do Cabo,BR,-22.9661,-42.0278,73.36,78,75,12.66,broken clouds
Ribeira Grande,PT,38.5167,-28.7,73.8,88,40,10.36,scattered clouds
Hithadhoo,MV,-0.6,73.0833,81.82,68,100,12.57,overcast clouds
Asilah,MA,35.465,-6.0348,73.36,70,0,16.13,clear sky
Oak Ridge,US,36.0104,-84.2696,64.29,66,100,4.61,overcast clouds
Lompoc,US,34.6391,-120.4579,71.78,74,100,6.91,overcast clouds
Tura,IN,25.5198,90.2201,73.62,97,100,3.22,overcast clouds
Dumai,ID,1.6833,101.45,73.38,99,99,2.57,overcast clouds
Juba,SS,4.8517,31.5825,76.44,67,24,2.8,few clouds
Mamallapuram,IN,12.6264,80.1722,86.05,72,96,8.25,overcast clouds
Xining,CN,36.6167,101.7667,44.31,64,100,3.51,overcast clouds
Sao Domingos Do Prata,BR,-19.865,-42.9683,80.51,55,53,6.02,broken clouds
Castro,BR,-24.7911,-50.0119,71.51,61,75,4.43,broken clouds
Nelson Bay,AU,-32.7167,152.15,54.0,96,45,6.98,scattered clouds
Belaya,UA,49.029,25.7706,49.41,85,10,16.75,clear sky
Carnarvon,AU,-24.8667,113.6333,66.33,60,0,13.62,clear sky
Concarneau,FR,47.875,-3.9225,59.79,78,100,13.0,overcast clouds
Hilo,US,19.7297,-155.09,86.29,68,0,4.61,clear sky
Dikson,RU,73.5069,80.5464,29.28,90,100,20.07,overcast clouds
Cidreira,BR,-30.1811,-50.2056,64.71,79,74,6.73,broken clouds
Bengkulu,ID,-3.8004,102.2655,74.8,92,100,6.46,overcast clouds
Piacabucu,BR,-10.4056,-36.4344,78.73,63,2,9.91,clear sky
Port Hawkesbury,CA,45.6169,-61.3485,52.92,56,75,9.22,broken clouds
Katsuura,JP,35.1333,140.3,71.38,72,100,6.42,overcast clouds
Brewster,US,41.3973,-73.6171,57.61,62,100,13.8,overcast clouds
Pisco,PE,-13.7,-76.2167,66.25,68,0,5.75,clear sky
Espergaerde,DK,56.0,12.5667,55.87,87,32,5.01,scattered clouds
Hirara,JP,24.8,125.2833,81.41,70,5,11.03,clear sky
Victoria,HK,22.2855,114.1577,83.32,84,10,4.0,clear sky
Zarand,IR,30.8127,56.564,67.93,29,0,4.59,clear sky
Lebu,CL,-37.6167,-73.65,56.82,72,100,6.35,overcast clouds
Tiksi,RU,71.6872,128.8694,24.87,88,100,12.28,overcast clouds
Cherskiy,RU,68.75,161.3,26.92,94,100,11.18,overcast clouds
Kapaa,US,22.0752,-159.319,75.09,92,100,12.66,moderate rain
Roma,US,43.2128,-75.4557,65.62,47,0,10.36,clear sky
Longyearbyen,SJ,78.2186,15.6401,37.24,87,75,4.61,broken clouds
Siyabuswa,ZA,-25.1132,29.0445,79.21,34,0,11.41,clear sky
Xuddur,SO,4.1213,43.8894,75.85,68,98,20.51,overcast clouds
Taoudenni,ML,22.6783,-3.9836,98.01,20,11,7.38,few clouds
Hermanus,ZA,-34.4187,19.2345,60.8,85,0,13.96,clear sky
Araouane,ML,18.9048,-3.5265,96.84,25,11,8.88,few clouds
Sitka,US,57.0531,-135.33,49.89,81,0,0.0,clear sky
Muli,MV,2.9167,73.5667,81.34,76,96,18.12,heavy intensity rain
Vardo,NO,70.3705,31.1107,40.98,93,100,4.61,overcast clouds
Sechura,PE,-5.5569,-80.8222,73.85,60,97,14.94,overcast clouds
Grand Gaube,MU,-20.0064,57.6608,72.0,65,66,5.99,broken clouds
Thompson,CA,55.7435,-97.8558,69.96,40,40,19.57,scattered clouds
Nedjo,ET,9.5046,35.5019,57.13,93,100,2.26,overcast clouds
Kungurtug,RU,50.5994,97.5228,14.11,61,0,1.3,clear sky
Georgetown,MY,5.4112,100.3354,79.9,91,40,4.61,scattered clouds
Cotacachi,EC,0.3,-78.2667,74.75,44,96,10.33,overcast clouds
Khasan,RU,42.4308,130.6434,61.95,84,100,16.02,overcast clouds
Hachinohe,JP,40.5,141.5,60.71,94,100,5.61,overcast clouds
Mogwase,ZA,-25.185,27.2665,80.8,18,0,6.96,clear sky
Ulaangom,MN,49.9811,92.0667,26.04,56,0,2.75,clear sky
Coihaique,CL,-45.5752,-72.0662,66.81,34,0,8.05,clear sky
Atuona,PF,-9.8,-139.0333,76.59,77,41,20.71,light rain
Saint Anthony,US,45.0205,-93.218,74.66,45,0,11.5,clear sky
Altay,CN,47.8667,88.1167,31.1,36,0,6.87,clear sky
Nara,JP,34.6851,135.8049,70.92,50,100,3.4,overcast clouds
Maragogi,BR,-9.0122,-35.2225,78.21,73,62,11.01,broken clouds
Broome,US,42.2506,-75.833,60.1,70,75,11.5,broken clouds
Faanui,PF,-16.4833,-151.75,77.94,74,7,15.14,light rain
Mogadishu,SO,2.0371,45.3438,76.93,83,84,17.67,broken clouds
Puerto Gaitan,CO,4.3133,-72.0816,87.84,51,13,5.5,few clouds
Mattru,SL,7.6244,-11.8332,73.9,96,83,4.23,moderate rain
Ketchikan,US,55.3422,-131.6461,52.27,76,40,8.05,scattered clouds
Cap-Aux-Meules,CA,47.3821,-61.8597,48.25,57,40,21.85,scattered clouds
Dingle,PH,10.9995,122.6711,76.6,92,100,6.38,overcast clouds
Felanitx,ES,39.4696,3.1483,71.01,60,0,4.0,clear sky
Cabatuan,PH,10.8794,122.486,76.87,89,100,7.18,overcast clouds
Praia Da Vitoria,PT,38.7333,-27.0667,71.85,94,75,20.0,light intensity shower rain
Mackay,AU,-21.15,149.2,69.67,76,64,7.11,light rain
Cabo San Lucas,MX,22.8909,-109.9124,95.61,48,20,9.22,few clouds
Russellville,US,35.2784,-93.1338,83.98,30,0,0.0,clear sky
Gizo,SB,-8.103,156.8419,80.82,77,99,3.11,light rain
Bluff,NZ,-46.6,168.3333,47.8,81,100,22.44,moderate rain
Vaasa,FI,63.096,21.6158,45.95,100,40,2.3,fog
Narsaq,GL,60.9167,-46.05,37.62,61,55,2.62,broken clouds
Bathsheba,BB,13.2167,-59.5167,84.81,79,75,19.57,broken clouds
Barrow,US,71.2906,-156.7887,26.62,80,100,11.5,overcast clouds
Nsanje,MW,-16.92,35.262,79.23,50,0,6.4,clear sky
Sumenep,ID,-7.0167,113.8667,80.13,79,96,3.76,overcast clouds
Rocha,UY,-34.4833,-54.3333,67.21,55,0,10.96,clear sky
Tezu,IN,27.9167,96.1667,76.96,80,99,2.48,overcast clouds
Troitskoye,RU,52.9821,84.6757,26.83,87,13,7.45,few clouds
Niles,US,42.0189,-87.8028,69.53,72,20,17.27,few clouds
Yerbogachen,RU,61.2767,108.0108,28.11,82,99,5.1,overcast clouds
Dubuque,US,42.4833,-90.8668,72.19,47,0,10.36,clear sky
Bilibino,RU,68.0546,166.4372,27.3,96,100,1.03,overcast clouds
Sabang,ID,5.8933,95.3214,81.59,77,100,19.1,light rain
Balikpapan,ID,-1.2675,116.8289,77.99,100,40,4.61,scattered clouds
Dickinson,US,29.4608,-95.0513,87.17,35,0,10.36,clear sky
Klaksvik,FO,62.2266,-6.589,50.92,82,15,25.3,few clouds
Beihai,CN,21.4833,109.1,80.33,85,5,8.68,clear sky
Vila,PT,42.0304,-8.1588,63.48,66,100,3.47,overcast clouds
Saint-Louis,SN,16.3333,-15.0,94.53,28,53,2.86,broken clouds
Smithers,CA,54.7804,-127.1743,57.52,72,40,2.3,scattered clouds
Port Hedland,AU,-20.3167,118.5667,73.45,78,75,16.11,broken clouds
Tessaoua,NE,13.7574,7.9874,90.7,40,55,13.85,broken clouds
Saquarema,BR,-22.92,-42.5103,73.54,84,18,10.36,few clouds
Kamenka,RU,51.3223,42.7678,67.32,60,100,18.86,overcast clouds
Dauriya,RU,49.9333,116.8667,26.35,56,0,13.87,clear sky
Tasiilaq,GL,65.6145,-37.6368,37.56,96,100,26.96,light rain
Paka,MY,4.6374,103.4368,76.93,100,100,0.0,light rain
Pedasi,PA,7.5333,-80.0333,81.72,75,38,4.16,scattered clouds
Alofi,NU,-19.0595,-169.9187,76.89,65,100,10.36,overcast clouds
Hanna,CA,51.6334,-111.9018,67.86,53,0,5.01,clear sky
Obera,AR,-27.4871,-55.1199,75.36,37,0,5.55,clear sky
Namibe,AO,-15.1961,12.1522,63.84,85,20,1.39,few clouds
Batemans Bay,AU,-35.7167,150.1833,45.64,93,14,3.91,few clouds
Rosetta,EG,31.4044,30.4164,79.02,83,0,14.18,clear sky
Kavaratti,IN,10.5669,72.642,81.32,77,100,11.79,light rain
Luganville,VU,-15.5333,167.1667,77.02,83,40,4.21,scattered clouds
Tomatlan,MX,19.9333,-105.25,74.75,95,100,7.72,overcast clouds
San Cristobal,VE,7.7669,-72.225,80.78,43,81,8.05,broken clouds
Richards Bay,ZA,-28.783,32.0377,69.53,94,4,4.5,clear sky
Nanortalik,GL,60.1432,-45.2371,38.05,78,48,14.2,scattered clouds
Souillac,MU,-20.5167,57.5167,71.98,68,75,9.22,broken clouds
Port Alfred,ZA,-33.5906,26.891,65.17,94,0,1.99,clear sky
Fountain Hills,US,33.6117,-111.7174,93.31,31,0,6.91,clear sky
Santa Marta,CO,11.2408,-74.199,91.45,67,20,5.75,few clouds
Mattawa,US,46.7379,-119.9028,80.02,33,0,3.96,clear sky
Torzhok,RU,57.0436,34.9622,43.75,94,100,8.97,overcast clouds
Platteville,US,42.7342,-90.4785,71.83,49,0,6.91,clear sky
Iquique,CL,-20.2208,-70.1431,62.64,70,48,9.13,scattered clouds
Kijang,KR,35.2442,129.2139,74.93,92,20,9.37,few clouds
Canico,PT,32.6333,-16.85,73.71,68,40,3.44,scattered clouds
Mahebourg,MU,-20.4081,57.7,71.89,68,75,9.22,broken clouds
Bethel,US,41.3712,-73.414,56.48,61,100,13.8,overcast clouds
Eyl,SO,7.9803,49.8164,77.04,79,61,19.22,broken clouds
Dire,ML,12.2833,-10.9667,75.25,89,87,1.95,moderate rain
Chernyshevskiy,RU,63.0128,112.4714,26.31,91,99,6.53,overcast clouds
Geraldton,AU,-28.7667,114.6,55.81,71,40,4.61,scattered clouds
Huainan,CN,32.6264,116.9969,85.21,46,62,4.54,broken clouds
Temir,KZ,49.1414,57.13,47.59,24,23,11.68,few clouds
Wicklow,IE,53.0,-6.4167,51.93,87,100,0.65,overcast clouds
Soto La Marina,MX,23.7667,-98.2167,84.78,47,97,3.65,overcast clouds
Chokurdakh,RU,70.6333,147.9167,16.75,91,85,7.16,overcast clouds
Pyshchug,RU,58.8873,45.7134,49.98,92,100,5.14,overcast clouds
Vanavara,RU,60.34,102.2797,27.32,84,100,5.84,overcast clouds
Sao Bernardo Do Campo,BR,-23.6939,-46.565,71.04,76,20,13.8,few clouds
Byron Bay,AU,-28.65,153.6167,51.94,82,68,8.19,broken clouds
Hoa Binh,VN,20.8133,105.3383,73.71,98,55,1.68,broken clouds
Narayangarh,IN,30.4833,77.1333,75.18,60,0,4.07,clear sky
Severo-Kurilsk,RU,50.6789,156.125,44.1,70,94,9.4,overcast clouds
Sosnovo-Ozerskoye,RU,52.5249,111.5418,19.78,77,17,8.12,few clouds
Kahului,US,20.8947,-156.47,84.97,69,20,9.22,few clouds
Vista Hermosa,MX,19.5167,-99.2167,73.31,34,20,5.75,few clouds
Isangel,VU,-19.55,169.2667,75.31,83,13,6.91,few clouds
Oriximina,BR,-1.7656,-55.8661,90.84,47,93,0.65,overcast clouds
Puerto Narino,CO,-3.7703,-70.3831,81.52,84,77,1.57,heavy intensity rain
Kysyl-Syr,RU,63.8986,122.7617,22.41,83,45,3.8,scattered clouds
Ostersund,SE,63.1792,14.6357,49.6,100,0,5.75,clear sky
Abonnema,NG,4.7084,6.7931,77.29,91,100,3.91,overcast clouds
Vostok,RU,46.4856,135.8833,47.1,95,72,5.21,broken clouds
Mehamn,NO,71.0357,27.8492,40.91,93,75,2.3,broken clouds
Manikpur,IN,25.0667,81.1167,78.78,60,8,2.3,clear sky
Inhambane,MZ,-23.865,35.3833,70.74,82,0,7.67,clear sky
Westport,US,41.1415,-73.3579,58.28,61,100,20.71,overcast clouds
Kruisfontein,ZA,-34.0033,24.7314,62.89,93,0,7.83,clear sky
Andra,RU,62.5147,65.8878,34.56,87,100,9.26,overcast clouds
Tual,ID,-5.6667,132.75,82.89,73,100,8.39,overcast clouds
Clyde River,CA,70.4692,-68.5914,30.43,74,100,5.75,overcast clouds
Zabol,AF,32.25,67.25,63.81,25,0,8.55,clear sky
Vila Franca Do Campo,PT,37.7167,-25.4333,76.19,87,72,14.25,broken clouds
Kailua,US,21.4022,-157.7394,80.58,90,54,11.54,light rain
Kropotkin,RU,45.4375,40.5756,72.18,50,100,5.41,overcast clouds
Kulhudhuffushi,MV,6.6221,73.07,80.65,79,100,22.84,overcast clouds
Nome,US,64.5011,-165.4064,35.67,70,0,4.61,clear sky
Uvarovka,RU,55.5278,35.6061,46.62,95,100,12.44,light rain
Formosa Do Rio Preto,BR,-11.0483,-45.1931,98.13,19,38,7.52,scattered clouds
Zhireken,RU,52.8249,117.3076,22.46,63,13,3.67,few clouds
Andenes,NO,69.3143,16.1194,39.18,87,20,4.61,few clouds
Bay Roberts,CA,47.5999,-53.2648,51.33,51,100,3.0,overcast clouds
Merauke,ID,-8.4667,140.3333,77.09,93,98,8.77,overcast clouds
Hailun,CN,47.45,126.9333,46.18,78,100,15.97,overcast clouds
Mangrol,IN,21.1167,70.1167,79.92,76,6,8.16,clear sky
Oneida,US,43.2001,-75.4663,65.7,47,0,10.36,clear sky
Fairbanks,US,64.8378,-147.7164,39.81,94,100,3.44,mist
Kilindoni,TZ,-7.9139,39.6668,75.83,76,6,15.73,clear sky
Thinadhoo,MV,0.5333,72.9333,82.4,68,100,15.17,overcast clouds
Bonito,BR,-21.1211,-56.4819,87.26,39,14,8.63,few clouds
Lavrentiya,RU,65.5833,-171.0,34.84,81,18,9.48,few clouds
Prince George,CA,53.9166,-122.753,64.26,65,100,6.91,overcast clouds
Pedernales,DO,18.0384,-71.744,86.99,66,100,10.47,overcast clouds
Aksarka,RU,66.5606,67.7975,35.76,86,100,11.97,overcast clouds
Aykhal,RU,66.0,111.5,19.63,94,99,12.03,overcast clouds
Buarcos,PT,40.166,-8.8768,71.94,75,0,11.5,clear sky
College,US,64.8569,-147.8028,39.79,93,100,3.44,mist
Muscat,OM,23.6139,58.5922,86.02,66,0,2.82,clear sky
Faya,SA,18.3851,42.4509,64.51,58,6,1.63,clear sky
Svetlogorsk,BY,52.6333,29.7333,44.2,92,100,21.88,overcast clouds
Daru,PG,-9.0763,143.2092,78.53,89,80,10.83,broken clouds
Dubbo,AU,-32.25,148.6167,42.93,93,6,10.36,clear sky
Makakilo City,US,21.3469,-158.0858,79.12,80,100,8.05,light rain
Korhogo,CI,9.45,-5.6333,74.07,91,73,5.06,broken clouds
Wrexham,GB,53.0,-3.0,55.04,90,5,5.01,clear sky
Kutum,SD,14.2,24.6667,81.66,38,95,9.31,light rain
Iskateley,RU,67.6803,53.1512,40.42,95,100,1.07,overcast clouds
Srednekolymsk,RU,67.45,153.6833,24.37,88,96,1.48,overcast clouds
Yatou,CN,37.15,122.3833,67.91,92,96,4.03,overcast clouds
Ciudad Bolivar,VE,8.1222,-63.5497,90.48,50,100,2.53,overcast clouds
Boulder,US,40.0833,-105.3505,65.57,56,0,4.0,clear sky
Ponta Do Sol,PT,32.6667,-17.1,72.72,83,61,5.32,broken clouds
Nemuro,JP,43.3236,145.575,56.12,73,2,10.85,clear sky
Minjur,IN,13.2667,80.2667,86.02,71,90,5.3,overcast clouds
Petropavlovsk-Kamchatskiy,RU,53.0452,158.6483,32.59,80,20,2.24,few clouds
Uhlove,UA,44.8215,33.6045,62.02,62,37,18.41,scattered clouds
Mullingar,IE,53.5333,-7.35,55.67,74,100,5.03,overcast clouds
Upernavik,GL,72.7868,-56.1549,23.0,88,12,10.71,few clouds
Peniche,PT,39.3558,-9.3811,74.28,76,1,14.76,clear sky
Romilly-Sur-Seine,FR,48.5108,3.7263,57.58,91,100,4.27,overcast clouds
Popondetta,PG,-8.7537,148.2534,72.63,89,11,3.02,few clouds
Vao,NC,-22.6667,167.4833,70.32,70,100,9.31,overcast clouds
Buala,SB,-8.145,159.5921,79.32,82,23,3.74,few clouds
Usinsk,RU,65.9939,57.5281,41.92,95,100,10.71,light rain
Morrinhos,BR,-17.7311,-49.0994,76.46,64,100,5.84,overcast clouds
Wuwei,CN,37.9281,102.6414,48.52,42,98,2.95,overcast clouds
Lagoa,PT,39.05,-27.9833,70.29,90,100,18.66,light rain
Chivilcoy,AR,-34.8957,-60.0167,83.1,22,100,6.38,overcast clouds
Yaan,NG,7.3833,8.5667,74.62,90,54,4.92,broken clouds
Hasaki,JP,35.7333,140.8333,66.6,65,100,5.77,overcast clouds
Airai,TL,-8.9266,125.4092,61.99,90,100,1.19,overcast clouds
Zinder,NE,13.8072,8.9881,94.68,28,100,9.01,overcast clouds
Praia,CV,14.9215,-23.5087,81.14,65,75,17.27,broken clouds
Saint-Augustin,CA,51.226,-58.6502,48.51,36,100,17.05,overcast clouds
Poronaysk,RU,49.2167,143.1167,49.21,89,85,11.79,overcast clouds
Moron,AR,-34.6534,-58.6198,82.8,45,8,5.91,clear sky
Mamonovo,RU,54.4643,19.938,53.91,84,85,15.1,overcast clouds
Ballitoville,ZA,-29.539,31.2144,71.74,83,100,5.75,overcast clouds
Oranjestad,AW,12.524,-70.027,89.55,66,40,13.8,scattered clouds
Leningradskiy,RU,69.3833,178.4167,25.07,80,100,2.66,overcast clouds
Concordia,AR,-31.393,-58.0209,77.07,39,20,8.05,few clouds
Olafsvik,IS,64.8945,-23.7142,45.45,86,100,17.4,moderate rain
Elizabeth City,US,36.2946,-76.2511,71.62,76,100,5.75,overcast clouds
Bud,US,39.447,-86.1758,72.86,56,0,14.65,clear sky
Deputatskiy,RU,69.3,139.9,-0.36,98,98,5.01,overcast clouds
Dehui,CN,44.5333,125.7,54.14,67,100,9.98,overcast clouds
Skibbereen,IE,51.55,-9.2667,54.1,77,100,4.7,overcast clouds
Nikolskoye,RU,59.7035,30.7861,45.79,96,100,4.88,overcast clouds
Margate,GB,51.3813,1.3862,56.7,64,0,5.77,clear sky
Cairns,AU,-16.9167,145.7667,71.55,89,48,3.44,scattered clouds
Port Moresby,PG,-9.4431,147.1797,76.42,94,40,5.75,scattered clouds
Luderitz,NA,-26.6481,15.1594,62.1,65,0,13.65,clear sky
Jardim,BR,-21.4803,-56.1381,85.93,46,55,6.69,broken clouds
Constitucion,CL,-35.3333,-72.4167,61.34,68,23,8.01,few clouds
Dunedin,NZ,-45.8742,170.5036,43.77,81,6,7.72,clear sky
Waipawa,NZ,-41.4122,175.5153,48.61,97,100,4.27,overcast clouds
Udachnyy,RU,66.4167,112.4,21.29,96,100,7.92,overcast clouds
Najran,SA,17.4924,44.1277,75.85,15,53,1.14,broken clouds
Santa Cruz De Tenerife,ES,28.4682,-16.2546,75.45,74,20,3.44,few clouds
Hofn,IS,64.2539,-15.2082,47.3,68,95,8.97,overcast clouds
Jacareacanga,BR,-6.2222,-57.7528,76.06,85,100,1.99,overcast clouds
Lorengau,PG,-2.0226,147.2712,80.82,77,42,5.14,scattered clouds
Henties Bay,NA,-22.116,14.2845,56.75,92,7,5.23,clear sky
Lumut,MY,4.2323,100.6298,80.62,83,20,1.14,few clouds
Beringovskiy,RU,63.05,179.3167,40.89,82,100,10.89,light rain
Lang Suan,TH,9.9456,99.0785,76.37,87,99,4.21,overcast clouds
Divnomorskoye,RU,44.5011,38.1353,66.42,91,100,13.62,overcast clouds
Camacha,PT,33.0833,-16.3333,69.22,68,40,4.61,scattered clouds
Betul,IN,21.9153,77.8961,69.82,84,53,4.63,broken clouds
Saldanha,ZA,-33.0117,17.9442,57.25,81,0,7.31,clear sky
Ternate,ID,0.8,127.4,79.32,80,70,4.18,broken clouds
San Patricio,US,28.017,-97.5169,84.29,37,100,7.99,overcast clouds
Darhan,MN,49.4867,105.9228,29.53,47,99,4.88,overcast clouds
Adrar,MR,20.5022,-10.0711,94.8,22,100,9.19,overcast clouds
Dalvik,IS,65.9702,-18.5286,46.33,87,75,10.74,broken clouds
San Felipe,VE,10.3399,-68.7425,90.41,45,100,6.4,overcast clouds
Union,US,40.6334,-74.2663,59.58,85,100,23.02,light intensity drizzle
Tirodi,IN,21.6833,79.7,73.38,78,100,5.26,overcast clouds
Antibes,FR,43.5624,7.1278,67.48,83,75,5.75,broken clouds
Bundaberg,AU,-24.85,152.35,57.22,97,61,4.0,broken clouds
Novo Aripuana,BR,-5.1206,-60.3797,92.35,43,99,0.74,light rain
Kirakira,SB,-10.4544,161.9205,78.37,85,17,5.5,few clouds
North Bend,US,43.4065,-124.2243,58.15,94,100,3.44,overcast clouds
Comodoro Rivadavia,AR,-45.8667,-67.5,53.46,62,0,20.71,clear sky
Isla Vista,US,34.4133,-119.861,75.83,69,0,8.05,clear sky
Caravelas,BR,-17.7125,-39.2481,77.81,71,26,9.4,scattered clouds
Khandyga,RU,62.6667,135.6,20.34,72,92,3.89,overcast clouds
San Blas,MX,21.5167,-105.2667,89.49,85,100,4.45,overcast clouds
Ilebo,CD,-4.3167,20.5833,68.14,97,100,2.01,overcast clouds
Cariamanga,EC,-4.3333,-79.55,68.77,30,100,6.33,overcast clouds
Frontera,MX,26.9333,-101.45,74.32,60,100,1.99,overcast clouds
Ossora,RU,59.2353,163.0719,35.74,81,77,5.39,broken clouds
San Policarpo,PH,12.1791,125.5072,81.59,80,100,6.26,overcast clouds
Shakawe,BW,-18.3667,21.85,77.16,18,0,5.19,clear sky
Porbandar,IN,21.6422,69.6093,80.91,72,0,8.34,clear sky
Chara,RU,56.9064,118.2631,18.28,77,100,2.91,overcast clouds
Srandakan,ID,-7.9386,110.2506,76.82,88,95,3.22,overcast clouds
Hovd,MN,48.0056,91.6419,22.62,42,3,3.42,clear sky
Pimentel,PE,-6.8367,-79.9342,70.09,60,20,14.97,few clouds
Mount Gambier,AU,-37.8333,140.7667,47.89,91,100,3.33,overcast clouds
Yeppoon,AU,-23.1333,150.7333,64.18,85,92,11.34,overcast clouds
Kaliganj,BD,23.4095,89.1402,77.81,93,100,4.21,light rain
Dakar,SN,14.6937,-17.4441,82.53,74,0,6.91,clear sky
La Asuncion,VE,11.0333,-63.8628,84.88,70,4,12.44,clear sky
Naze,JP,28.3667,129.4833,77.92,74,22,8.86,few clouds
Kismayo,SO,-0.3582,42.5454,76.3,72,54,17.9,broken clouds
Bambanglipuro,ID,-7.95,110.2833,76.69,88,93,3.29,overcast clouds
Chapais,CA,49.7834,-74.8492,44.38,36,10,5.28,clear sky
Asau,RO,46.4333,26.4,51.28,70,56,6.8,broken clouds
Maba,CN,24.6841,113.5984,76.5,81,0,1.63,clear sky
Avera,US,33.194,-82.5271,76.55,45,39,8.32,scattered clouds
Savannah Bight,HN,16.45,-85.85,79.59,74,96,2.17,overcast clouds
Yarim,YE,14.298,44.3779,59.92,60,99,3.67,light rain
Dinard,FR,48.6314,-2.0614,61.29,94,100,9.22,overcast clouds
Santiago,CL,-33.4569,-70.6483,86.29,43,0,16.11,clear sky
Waseca,US,44.0777,-93.5074,73.42,41,0,12.66,clear sky
Talnakh,RU,69.4865,88.3972,29.21,95,67,9.55,broken clouds
Candido Mendes,BR,-1.4467,-45.7167,85.95,60,56,8.57,broken clouds
Severodvinsk,RU,64.5635,39.8302,41.11,82,22,6.93,few clouds
Kasongo,CD,-4.45,26.6667,72.12,85,100,5.73,light rain
Kavieng,PG,-2.5744,150.7967,81.46,76,2,10.2,light rain
Susangerd,IR,31.5608,48.1831,89.55,14,0,11.05,clear sky
Ilulissat,GL,69.2167,-51.1,33.82,75,75,0.0,broken clouds
Sumbe,AO,-11.2061,13.8437,73.15,84,51,6.71,broken clouds
Ballinrobe,IE,53.6333,-9.2333,55.74,75,100,4.7,overcast clouds
Kjollefjord,NO,70.9457,27.3465,42.85,93,75,2.3,broken clouds
Honiara,SB,-9.4333,159.95,76.62,86,86,3.22,overcast clouds
Amapa,BR,1.0,-52.0,97.18,29,97,5.5,overcast clouds
Impfondo,CG,1.6381,18.0667,70.05,99,92,3.8,light rain
Beyneu,KZ,45.3167,55.2,54.19,36,0,18.59,clear sky
Palana,RU,59.1167,159.9667,35.85,77,99,7.83,overcast clouds
Gazli,UZ,40.1333,63.45,58.06,16,100,7.54,overcast clouds
Esperance,AU,-33.8667,121.9,53.37,79,81,17.43,broken clouds
Marrakesh,MA,31.6315,-8.0083,84.27,26,4,4.61,haze
Olinda,BR,-8.0089,-34.8553,74.93,83,75,4.61,broken clouds
Svetlaya,RU,46.5389,138.3297,51.64,88,7,9.26,clear sky
Balkhash,KZ,46.844,74.9804,40.95,42,0,21.65,clear sky
Kisangani,CD,0.5167,25.2,71.31,98,100,1.25,overcast clouds
Sobradinho,BR,-12.8333,-39.1,81.5,59,34,9.37,scattered clouds
Chokwe,MZ,-24.5333,32.9833,75.51,67,0,8.16,clear sky
Carballo,ES,43.213,-8.691,66.0,96,96,3.11,overcast clouds
Alice Springs,AU,-23.7,133.8833,67.55,43,100,9.22,overcast clouds
Vanimo,PG,-2.6741,141.3028,76.46,91,94,5.03,overcast clouds
Ostrovnoy,RU,68.0531,39.5131,38.19,80,100,8.99,overcast clouds
Karachev,RU,53.1229,34.9852,57.18,96,100,11.43,overcast clouds
Quatre Cocos,MU,-20.2078,57.7625,71.71,71,95,14.45,overcast clouds
Fort Nelson,CA,58.8053,-122.7002,58.59,33,40,5.75,scattered clouds
Korla,CN,41.7597,86.1469,48.18,23,0,12.93,clear sky
Ukiah,US,39.1502,-123.2078,86.38,67,100,6.91,overcast clouds
Warri,NG,5.5167,5.75,74.48,92,100,3.89,overcast clouds
Bairiki,KI,1.3292,172.9752,80.6,78,75,14.97,broken clouds
Keti Bandar,PK,24.1447,67.4497,81.3,69,0,11.56,clear sky
Te Anau,NZ,-45.4167,167.7167,38.44,94,97,1.81,overcast clouds
Queanbeyan,AU,-35.35,149.2333,42.46,95,0,3.44,clear sky
Christchurch,NZ,-43.5333,172.6333,45.91,83,40,8.05,scattered clouds
Gamba,GA,-2.65,10.0,76.35,88,100,5.37,overcast clouds
Ambulu,ID,-8.345,113.6058,76.1,90,92,0.85,overcast clouds
Magsingal,PH,17.685,120.4244,77.61,79,58,4.16,broken clouds
Zaria,NG,11.1113,7.7227,72.88,85,84,6.55,light rain
Mlonggo,ID,-6.5333,110.7,79.75,80,100,5.44,overcast clouds
Buchanan,LR,5.8808,-10.0467,76.21,90,100,7.56,light rain
Shitkino,RU,56.3703,98.3543,27.88,92,99,7.18,overcast clouds
Banjar,ID,-8.19,114.9675,76.78,92,95,5.44,overcast clouds
Mariental,NA,-24.6333,17.9667,84.92,14,0,4.32,clear sky
Ahipara,NZ,-35.1667,173.1667,58.42,94,42,7.09,scattered clouds
Tefe,BR,-3.3542,-64.7114,89.71,62,20,4.61,few clouds
Taksimo,RU,56.3444,114.8794,22.98,71,92,4.25,overcast clouds
Tamiahua,MX,21.2667,-97.45,80.24,69,100,8.79,overcast clouds
Yenagoa,NG,4.9247,6.2642,73.99,95,100,3.44,overcast clouds
Pochutla,MX,15.7432,-96.4661,85.82,65,95,5.5,overcast clouds
Krutaya Gorka,RU,55.3649,73.2231,29.88,75,4,6.85,clear sky
Elko,US,41.0002,-115.5012,66.74,29,100,5.99,overcast clouds
Nouakchott,MR,18.0858,-15.9785,82.33,57,0,13.04,clear sky
Tukrah,LY,32.5341,20.5791,74.62,64,0,17.0,clear sky
Bubaque,GW,11.2833,-15.8333,81.39,76,54,7.94,broken clouds
Omboue,GA,-1.5746,9.2618,76.68,87,100,8.19,overcast clouds
Codrington,AU,-38.2667,141.9667,45.79,90,100,4.81,overcast clouds
Khovu-Aksy,RU,51.1333,93.6,17.06,69,0,3.98,clear sky
Montrose,US,38.4166,-108.2673,49.41,60,100,4.18,overcast clouds
Sao Joao De Pirabas,BR,-0.7747,-47.1772,82.4,70,90,9.78,overcast clouds
Hegang,CN,47.4,130.3667,50.52,86,100,6.33,overcast clouds
Muros,ES,42.7762,-9.0603,67.08,73,93,8.32,overcast clouds
Marawi,PH,7.9986,124.2928,69.08,92,100,2.84,light rain
Ndele,CF,8.4109,20.6473,72.28,93,98,1.28,moderate rain
Touros,BR,-5.1989,-35.4608,80.83,63,5,16.31,clear sky
Aravissos,GR,40.84,22.2956,66.92,47,0,5.44,clear sky
Salalah,OM,17.0151,54.0924,80.69,83,75,10.36,broken clouds
Taltal,CL,-25.4,-70.4833,64.15,64,39,7.74,scattered clouds
Viedma,AR,-40.8135,-62.9967,58.91,38,97,14.7,overcast clouds
Nouadhibou,MR,20.931,-17.0347,75.18,64,0,13.8,sand
Tilichiki,RU,60.4667,166.1,30.22,89,100,4.99,overcast clouds
Bende,NG,5.5572,7.6368,73.06,96,87,3.56,overcast clouds
Kasongo-Lunda,CD,-6.4667,16.8167,72.32,91,99,2.51,overcast clouds
Saint-Anselme,CA,46.6292,-70.9734,53.02,45,3,3.0,clear sky
Iqaluit,CA,63.7506,-68.5145,33.53,64,75,15.01,broken clouds
Vuktyl,RU,63.8567,57.3094,44.89,91,100,12.71,light rain
Yarmouth,US,41.7057,-70.2286,55.99,80,100,16.11,overcast clouds
Adelaide,AU,-34.9333,138.6,64.44,42,0,12.66,clear sky
Bonnyville,CA,54.2668,-110.735,67.8,31,0,8.7,clear sky
Alpena,US,45.0617,-83.4327,55.72,62,0,5.75,clear sky
Maumere,ID,-8.6199,122.2111,79.47,80,45,4.34,scattered clouds
Pacific Grove,US,36.6177,-121.9166,69.48,68,40,8.05,scattered clouds
Sisimiut,GL,66.9395,-53.6735,34.61,76,77,9.01,broken clouds
Mayumba,GA,-3.432,10.6554,76.03,90,99,5.32,overcast clouds
Dongli,CN,23.5656,116.8194,76.98,94,0,0.0,clear sky
Ndioum,SN,16.5129,-14.6471,94.89,24,76,3.47,broken clouds
Rundu,NA,-17.9333,19.7667,76.78,16,0,5.28,clear sky
Ballina,AU,-28.8667,153.5667,52.02,99,63,7.61,broken clouds
Tessalit,ML,20.1986,1.0114,97.65,19,97,4.92,overcast clouds
Jibuti,DJ,11.5,42.5,84.27,48,12,7.49,few clouds
Doka,SD,13.5167,35.7667,78.1,71,100,5.68,overcast clouds
Jalu,LY,29.0331,21.5482,85.51,43,0,21.41,clear sky
Faro,PT,37.0194,-7.9322,74.98,53,0,6.91,clear sky
Poya,NC,-21.35,165.15,69.48,80,100,3.04,overcast clouds
Baruun-Urt,MN,46.6806,113.2792,25.43,58,81,13.67,broken clouds
Aller,ES,43.1187,-5.5839,59.13,88,100,1.83,overcast clouds
Rize,TR,40.9044,40.8949,56.86,38,100,5.61,overcast clouds
Killybegs,IE,54.6333,-8.45,55.11,81,100,4.97,overcast clouds
Hue,VN,16.4667,107.6,78.91,89,75,4.61,broken clouds
Yongan,CN,39.6957,113.6871,56.14,90,100,5.97,overcast clouds
Warrington,GB,53.3925,-2.5802,55.27,85,0,5.75,clear sky
Laguna,US,38.421,-121.4238,78.78,55,0,6.91,clear sky
Snyder,US,32.7179,-100.9176,83.08,29,0,0.0,clear sky
Harnosand,SE,62.6323,17.9379,48.0,90,100,5.93,overcast clouds
San Rafael,AR,-34.6177,-68.3301,83.1,18,12,21.5,few clouds
Tambopata,PE,-12.7333,-69.1833,91.29,49,40,5.75,scattered clouds
Hami,CN,42.8,93.45,43.32,17,3,8.12,clear sky
Tabas,IR,33.5959,56.9244,75.42,22,0,4.61,clear sky
Ulundi,ZA,-28.3352,31.4162,67.41,91,31,1.99,scattered clouds
Awka,NG,6.2101,7.0741,74.98,92,100,4.83,overcast clouds
Xushan,CN,30.1764,121.2457,78.73,93,2,5.1,clear sky
Fort Saint James,CA,54.4333,-124.25,64.31,54,76,3.06,broken clouds
Honningsvag,NO,70.9821,25.9704,42.55,81,100,0.0,light rain
Juneau,US,58.3019,-134.4197,50.11,92,75,5.75,broken clouds
Duluth,US,46.7833,-92.1066,64.08,80,40,13.8,scattered clouds
Nakamura,JP,32.9833,132.9333,70.54,88,100,2.84,overcast clouds
Qaqortoq,GL,60.7167,-46.0333,37.53,69,47,3.83,scattered clouds
Soke,ML,13.598,-5.9386,81.55,68,99,6.91,light rain
Wanaka,NZ,-44.7,169.15,39.11,87,86,1.01,overcast clouds
Tyukalinsk,RU,55.8732,72.1967,29.37,72,0,6.31,clear sky
Kushima,JP,31.4583,131.2333,70.34,82,41,4.43,scattered clouds
Walla Walla,US,46.0646,-118.343,77.67,51,0,5.01,clear sky
Sambava,MG,-14.2667,50.1667,68.43,82,5,9.75,clear sky
Padang,ID,-0.9492,100.3543,75.94,93,100,2.89,overcast clouds
Sur,OM,22.5667,59.5289,80.87,78,2,13.09,clear sky
Tuatapere,NZ,-46.1333,167.6833,43.34,91,100,9.69,overcast clouds
Cayenne,GF,4.9333,-52.3333,89.64,55,40,9.22,scattered clouds
Saurimo,AO,-9.6608,20.3916,66.33,88,95,10.07,light rain
Tiszaalpar,HU,46.8128,19.9984,59.29,77,100,11.05,overcast clouds
Tikhvin,RU,59.6451,33.5294,37.22,91,64,6.4,broken clouds
Palmer,US,42.1584,-72.3287,56.62,47,75,13.8,broken clouds
Santa Fe,AR,-31.6333,-60.7,84.0,29,0,5.01,light rain
Cabra,ES,37.4725,-4.4421,76.19,29,90,3.47,overcast clouds
Ingham,US,42.6,-84.3833,67.17,47,0,13.8,clear sky
Kamina,CD,-8.7386,24.9906,72.99,65,88,12.15,overcast clouds
Port Keats,AU,-14.25,129.55,77.88,70,7,2.98,clear sky
Turukhansk,RU,65.8167,87.9833,28.83,81,99,8.34,overcast clouds
Brindisi,IT,40.5833,17.6667,68.43,66,14,3.04,few clouds
Pokaran,IN,26.9167,71.9167,84.06,45,0,16.2,clear sky
Pundaguitan,PH,6.3711,126.1689,82.27,73,100,6.46,overcast clouds
Ponta Delgada,PT,37.7333,-25.6667,76.5,83,20,11.5,few clouds
Tommot,RU,58.9564,126.2925,24.53,94,100,6.51,light snow
Porto Velho,BR,-8.7619,-63.9039,93.25,43,40,3.44,scattered clouds
Zilupe,LV,56.3862,28.1217,44.44,87,100,7.27,overcast clouds
Moyale,KE,3.5167,39.0584,74.25,41,98,5.57,overcast clouds
Nizwa,OM,22.9333,57.5333,81.97,55,37,10.8,scattered clouds
Emerald,AU,-23.5333,148.1667,66.34,100,100,5.75,overcast clouds
Dnipryany,UA,46.7463,33.2729,55.58,72,16,15.19,few clouds
Marystown,CA,47.1666,-55.1483,52.21,45,100,12.97,overcast clouds
Duncan,US,34.5023,-97.9578,86.05,21,0,0.0,clear sky
Nyurba,RU,63.2842,118.3319,26.78,97,95,3.0,overcast clouds
Robertsport,LR,6.7533,-11.3686,78.22,86,100,14.54,light rain
Medea,DZ,36.2642,2.7539,73.51,35,100,3.49,overcast clouds
Msanga,TZ,-6.05,36.0333,70.75,43,92,9.44,overcast clouds
Kyzyl-Suu,KG,42.3414,78.0056,47.5,50,80,3.44,broken clouds
Bull Savanna,JM,17.8868,-77.5902,81.97,72,81,8.9,broken clouds
Numazu,JP,35.1,138.8667,67.01,77,100,4.21,overcast clouds
Maniitsoq,GL,65.4167,-52.9,35.65,60,100,2.28,overcast clouds
Mae Hong Son,TH,19.3003,97.9685,73.72,99,100,0.65,overcast clouds
Akyab,MM,20.15,92.9,79.21,91,100,13.2,heavy intensity rain
Tazovskiy,RU,67.4667,78.7,33.96,82,100,12.75,overcast clouds
Bangalore,IN,12.9762,77.6033,72.93,63,100,7.67,overcast clouds
Poum,NC,-20.2333,164.0167,74.16,71,97,15.9,overcast clouds
Gengenbach,DE,48.4,8.0167,58.14,94,100,0.0,light rain
Kunda,IN,25.7167,81.5167,79.11,62,8,2.59,clear sky
Buseresere,TZ,-3.0236,31.8747,70.27,72,14,4.83,few clouds
Talas,TR,38.6908,35.5538,68.67,52,75,13.8,broken clouds
Novyye Burasy,RU,52.1324,46.0714,59.0,86,100,9.44,overcast clouds
Portland,US,45.5234,-122.6762,85.33,49,0,8.05,clear sky
Colquechaca,BO,-18.6667,-66.0167,43.02,48,97,3.31,overcast clouds
El Alto,PE,-4.2714,-81.2147,69.46,71,86,6.91,overcast clouds
Mossendjo,CG,-2.9506,12.7261,72.03,93,100,3.18,overcast clouds
Tsabong,BW,-26.0217,22.401,80.51,12,0,5.68,clear sky
Puerto Escondido,MX,15.85,-97.0667,86.83,58,20,5.75,few clouds
Verkhoyansk,RU,67.5447,133.385,15.48,98,96,3.0,overcast clouds
Diffa,NE,13.3154,12.6113,92.7,33,100,6.93,overcast clouds
Valente,BR,-11.4122,-39.4619,90.66,31,50,15.64,scattered clouds
Langfang,CN,39.5097,116.6947,63.55,93,100,7.18,overcast clouds
Dalnerechensk,RU,45.9339,133.7225,53.19,95,14,6.42,few clouds
Cordoba,AR,-31.4135,-64.1811,84.76,25,20,13.8,few clouds
Taganak,PH,6.0833,118.3,78.94,78,100,4.52,overcast clouds
Namatanai,PG,-3.6667,152.4333,78.31,76,7,6.85,clear sky
Batagay-Alyta,RU,67.8006,130.4114,5.4,87,36,4.81,scattered clouds
Njombe,TZ,-9.3333,34.7667,53.56,67,2,3.98,clear sky
Kamaishi,JP,39.2667,141.8833,65.52,85,100,3.69,overcast clouds
Ust-Ordynskiy,RU,52.805,104.7508,29.55,85,100,12.39,overcast clouds
Ulladulla,AU,-35.35,150.4667,47.73,87,14,4.21,few clouds
Siauliai,LT,55.9333,23.3167,48.22,100,100,10.36,overcast clouds
Lubao,PH,14.9167,120.55,82.11,86,98,5.61,overcast clouds
Tarakan,ID,3.3,117.6333,80.04,76,100,1.83,moderate rain
Visby,SE,57.6409,18.296,53.06,93,20,6.91,few clouds
Palmerston,AU,-12.486,130.9833,78.89,89,100,0.0,overcast clouds
High Prairie,CA,55.4334,-116.4858,67.21,32,100,6.04,overcast clouds
Beaune,FR,47.0833,4.75,57.63,92,61,5.32,broken clouds
Gat,IL,31.61,34.7642,78.4,78,0,1.45,clear sky
Demirci,TR,39.0461,28.6589,57.49,59,0,8.43,clear sky
Torit,SS,4.4133,32.5678,75.72,67,26,3.09,scattered clouds
Truro,GB,50.2653,-5.0544,54.68,87,0,3.44,clear sky
Mount Isa,AU,-20.7333,139.5,74.97,29,100,5.75,overcast clouds
Kiama,AU,-34.6833,150.8667,52.0,91,3,4.03,clear sky
Mandalgovi,MN,45.7625,106.2708,21.36,74,81,13.67,broken clouds
Pafos,CY,34.7667,32.4167,78.58,21,0,4.61,clear sky
Aksu,CN,41.1231,80.2644,56.68,25,99,3.58,overcast clouds
Bereda,ES,43.2686,-7.5406,62.58,100,100,3.74,overcast clouds
Atambua,ID,-9.1061,124.8925,74.46,87,99,1.1,overcast clouds
Slave Lake,CA,55.2834,-114.769,64.38,59,0,12.66,clear sky
Aleksandrov Gay,RU,50.147,48.5704,66.7,38,92,17.9,overcast clouds
Sikonge,TZ,-5.6333,32.7667,76.96,19,9,11.43,clear sky
Shubarshi,KZ,48.5872,57.1869,46.85,21,21,10.94,few clouds
Cepu,ID,-7.1475,111.5906,77.0,88,97,2.33,overcast clouds
Solihull,GB,52.4143,-1.7809,54.99,79,40,5.75,scattered clouds
Camana,PE,-16.6228,-72.7111,65.62,71,51,8.1,broken clouds
Half Moon Bay,US,37.4636,-122.4286,76.53,62,100,9.22,overcast clouds
Meulaboh,ID,4.1363,96.1285,75.96,86,100,2.98,overcast clouds
Den Helder,NL,52.9599,4.7593,58.98,78,40,13.0,scattered clouds
Inverell,AU,-29.7833,151.1167,43.16,95,0,3.0,clear sky
Trabzon,TR,40.9167,39.8333,71.69,65,75,23.02,broken clouds
Villanueva De La Serena,ES,38.9766,-5.7974,75.29,22,85,1.68,overcast clouds
Hay River,CA,60.8156,-115.7999,53.58,50,20,25.32,few clouds
Humaita,BR,-7.5061,-63.0208,94.48,38,76,3.44,broken clouds
San Pedro,PH,14.35,121.0167,81.63,86,75,3.44,broken clouds
Thunder Bay,CA,48.4001,-89.3168,58.98,58,20,8.05,few clouds
Omsukchan,RU,62.5333,155.8,11.3,97,93,3.53,overcast clouds
Bitung,ID,1.4451,125.1824,72.45,82,63,6.29,broken clouds
Shingu,JP,33.7333,135.9833,69.67,81,86,6.24,overcast clouds
Haines Junction,CA,60.7522,-137.5108,51.75,46,70,6.91,broken clouds
Lethem,GY,3.3803,-59.7968,84.63,66,75,7.85,broken clouds
Kelvington,CA,52.1667,-103.5343,67.14,44,0,6.93,clear sky
Port Lavaca,US,28.615,-96.6261,86.32,34,0,5.75,clear sky
Baykit,RU,61.67,96.37,29.55,91,100,4.63,overcast clouds
Grand-Santi,GF,4.25,-54.3833,89.08,49,100,2.37,overcast clouds
Sirsilla,IN,18.3833,78.8333,75.24,81,100,9.4,overcast clouds
Salinopolis,BR,-0.6136,-47.3561,82.08,74,68,12.84,broken clouds
Bowen,AU,-20.0167,148.2333,73.13,77,63,7.2,broken clouds
Lac-Megantic,CA,45.5834,-70.8823,51.55,41,7,7.96,clear sky
Raymond,US,43.9015,-70.4703,58.6,46,76,10.2,broken clouds
Saint-Joseph,RE,-21.3667,55.6167,66.58,75,18,10.27,few clouds
Gabriel Leyva Solano,MX,25.6667,-108.6417,96.96,35,2,8.03,clear sky
Lata,PT,40.1629,-8.3327,71.92,39,0,1.1,clear sky
Turayf,SA,31.6725,38.6637,73.65,25,0,4.61,clear sky
Limulunga,ZM,-15.0969,23.1376,73.72,21,19,7.18,few clouds
Saint-Pierre,RE,-21.3393,55.4781,67.68,73,0,5.75,clear sky
Veraval,IN,20.9,70.3667,79.36,79,22,8.72,few clouds
Khalkhal,IR,37.6189,48.5258,55.06,67,0,2.91,clear sky
Sinnamary,GF,5.3833,-52.95,83.46,73,97,10.94,overcast clouds
Dongning,CN,44.0622,131.1207,59.07,93,100,3.24,overcast clouds
Dana Point,US,33.467,-117.6981,84.74,70,0,7.0,clear sky
Ndjole,GA,-0.1783,10.7649,73.63,98,88,2.24,moderate rain
West Bay,KY,19.3667,-81.4167,87.87,67,20,10.36,few clouds
Arecibo,PR,18.4724,-66.7157,88.52,84,94,6.04,light rain
Kurgan,RU,55.45,65.3333,40.77,46,99,9.22,overcast clouds
Perepravnaya,RU,44.3366,40.7849,65.32,49,100,4.16,overcast clouds
Pangkalanbuun,ID,-2.6833,111.6167,74.16,97,100,1.48,light rain
Aguimes,ES,27.9054,-15.4461,72.66,83,20,15.01,few clouds
Akdepe,TM,42.0551,59.3788,46.49,22,3,8.7,clear sky
Beloha,MG,-25.1667,45.05,68.88,69,0,2.17,clear sky
Ust-Omchug,RU,61.15,149.6333,16.41,90,100,3.15,overcast clouds
Kendari,ID,-3.945,122.4989,76.62,91,100,0.85,overcast clouds
Powell,US,40.1578,-83.0752,67.59,63,40,18.41,scattered clouds
Shellbrook,CA,53.2168,-106.4011,67.23,37,0,11.54,clear sky
Fort-Shevchenko,KZ,44.5086,50.263,66.65,35,100,29.93,overcast clouds
Mayo,US,38.8876,-76.5119,58.17,94,100,8.01,overcast clouds
Abeche,TD,13.8292,20.8324,80.73,54,3,18.66,clear sky
Iroquois Falls,CA,48.7669,-80.6831,50.43,42,100,3.24,overcast clouds
Binga,ZW,-17.6203,27.3414,76.5,31,0,1.43,clear sky
Mundybash,RU,53.211,87.2983,19.78,97,12,2.84,few clouds
Imperatriz,BR,-5.5264,-47.4917,98.65,34,40,4.61,scattered clouds
Guerrero Negro,MX,27.9769,-114.0611,73.87,59,0,14.29,clear sky
Komsomolskiy,UZ,40.4272,71.7189,59.72,55,7,2.3,clear sky
Lima,PE,-12.0432,-77.0282,59.25,77,100,10.36,overcast clouds
Coahuayana,MX,18.7333,-103.6833,82.67,73,97,2.68,overcast clouds
Ko Samui,TH,9.5357,99.9357,80.83,76,100,2.98,overcast clouds
Kodinsk,RU,58.6881,99.1844,26.92,88,100,4.27,overcast clouds
Santa Isabel Do Rio Negro,BR,-0.4139,-65.0192,80.76,88,100,1.77,moderate rain
Kendallville,US,41.4414,-85.265,69.49,45,0,9.22,clear sky
Johnstown,US,40.3267,-78.922,57.67,93,100,8.05,overcast clouds
Sao Felix Do Xingu,BR,-6.6447,-51.995,86.52,40,100,2.84,overcast clouds
Alakurtti,RU,66.9672,30.3491,40.87,98,100,3.74,overcast clouds
Huarmey,PE,-10.0681,-78.1522,68.0,72,34,10.58,scattered clouds
